<?xml version="1.0" encoding="UTF-8"?>
<prefab>
  <property name="CopyAirBlocks" value="True" />
  <property name="AllowTopSoilDecorations" value="False" />
  <property name="Zoning" value="any" />
  <property name="RotationToFaceNorth" value="2" />
  <property name="YOffset" value="-8" />
  <property name="AllowedTownships" value="city,town,rural,wilderness" />
  <!-- Disable Trader Protection -->
    <property name="TraderArea" value="false" /><!-- Default: true -->
    <!-- <property name="TraderAreaProtect" value="20, 0, 20" /> -->
    <!-- <property name="TraderAreaTeleportSize" value="35, 17, 34" /> -->
    <!-- <property name="TraderAreaTeleportCenter" value="0, 0, 0" /> -->
  <!-- Disable Trader Protection -->
  <property name="ExcludeDistantPOIMesh" value="False" />
  <property name="DistantPOIYOffset" value="0" />
  <property name="EditorGroups" value="settlements" />
  <property name="QuestTags" value="trader" />
  <property name="DifficultyTier" value="1" />
  <property name="ExcludePOICulling" value="True" />
  <property name="ShowQuestClearCount" value="1" />
  <property class="Stats">
    <property name="TotalVertices" value="382304" />
    <property name="TotalTriangles" value="386652" />
    <property class="BlockEntities">
      <property name="Vertices" value="184558" />
      <property name="Triangles" value="250197" />
    </property>
    <property class="ChunkMeshes0">
      <property name="Vertices" value="184197" />
      <property name="Triangles" value="117988" />
    </property>
    <property class="ChunkMeshes1">
      <property name="Vertices" value="0" />
      <property name="Triangles" value="0" />
    </property>
    <property class="ChunkMeshes2">
      <property name="Vertices" value="0" />
      <property name="Triangles" value="0" />
    </property>
    <property class="ChunkMeshes3">
      <property name="Vertices" value="0" />
      <property name="Triangles" value="0" />
    </property>
    <property class="ChunkMeshes4">
      <property name="Vertices" value="4617" />
      <property name="Triangles" value="3639" />
    </property>
    <property class="ChunkMeshes5">
      <property name="Vertices" value="0" />
      <property name="Triangles" value="0" />
    </property>
    <property class="ChunkMeshes6">
      <property name="Vertices" value="0" />
      <property name="Triangles" value="0" />
    </property>
    <property class="ChunkMeshes7">
      <property name="Vertices" value="8932" />
      <property name="Triangles" value="14828" />
    </property>
    <property class="ChunkMeshes8">
      <property name="Vertices" value="0" />
      <property name="Triangles" value="0" />
    </property>
    <property class="ChunkMeshes9">
      <property name="Vertices" value="0" />
      <property name="Triangles" value="0" />
    </property>
  </property>
  <property class="IndexedBlockOffsets">
    <property class="Trader">
      <property name="0" value="9, 9, 37" />
    </property>
    <property class="TraderOnOff">
      <property name="0" value="22, 11, 25" />
    </property>
    <property class="brBlock">
      <property name="0" value="23, 13, 38" />
    </property>
  </property>
</prefab>