<?xml version="1.0" encoding="UTF-8"?>
<prefab>
  <property name="CopyAirBlocks" value="True" />
  <property name="AllowTopSoilDecorations" value="False" />
  <property name="Zoning" value="any" />
  <property name="RotationToFaceNorth" value="2" />
  <property name="YOffset" value="-1" />
  <property name="AllowedTownships" value="city,town,rural,wilderness" />
  <!-- Disable Trader Protection -->
    <property name="TraderArea" value="false" /><!-- Default: true -->
    <!-- <property name="TraderAreaProtect" value="20, 0, 20" /> -->
    <!-- <property name="TraderAreaTeleportSize" value="35, 17, 34" /> -->
    <!-- <property name="TraderAreaTeleportCenter" value="0, 0, 0" /> -->
  <!-- Disable Trader Protection -->
  <property name="ExcludeDistantPOIMesh" value="False" />
  <property name="DistantPOIYOffset" value="0" />
  <property name="EditorGroups" value="settlements" />
  <property name="DifficultyTier" value="1" />
  <property name="QuestTags" value="trader" />
  <property name="ExcludePOICulling" value="True" />
  <property class="Stats">
    <property name="TotalVertices" value="260619" />
    <property name="TotalTriangles" value="196697" />
    <property class="BlockEntities">
      <property name="Vertices" value="117245" />
      <property name="Triangles" value="93551" />
    </property>
    <property class="ChunkMeshes0">
      <property name="Vertices" value="119727" />
      <property name="Triangles" value="83168" />
    </property>
    <property class="ChunkMeshes1">
      <property name="Vertices" value="0" />
      <property name="Triangles" value="0" />
    </property>
    <property class="ChunkMeshes2">
      <property name="Vertices" value="4244" />
      <property name="Triangles" value="2224" />
    </property>
    <property class="ChunkMeshes3">
      <property name="Vertices" value="0" />
      <property name="Triangles" value="0" />
    </property>
    <property class="ChunkMeshes4">
      <property name="Vertices" value="14695" />
      <property name="Triangles" value="10370" />
    </property>
    <property class="ChunkMeshes5">
      <property name="Vertices" value="0" />
      <property name="Triangles" value="0" />
    </property>
    <property class="ChunkMeshes6">
      <property name="Vertices" value="0" />
      <property name="Triangles" value="0" />
    </property>
    <property class="ChunkMeshes7">
      <property name="Vertices" value="4708" />
      <property name="Triangles" value="7384" />
    </property>
    <property class="ChunkMeshes8">
      <property name="Vertices" value="0" />
      <property name="Triangles" value="0" />
    </property>
    <property class="ChunkMeshes9">
      <property name="Vertices" value="0" />
      <property name="Triangles" value="0" />
    </property>
  </property>
  <property class="IndexedBlockOffsets">
    <property class="TraderOnOff">
      <property name="0" value="31, 3, 13" />
      <property name="1" value="32, 2, 14" />
    </property>
    <property class="Trader">
      <property name="0" value="34, 2, 17" />
    </property>
  </property>
</prefab>