<?xml version="1.0" encoding="UTF-8"?>
<prefab>
  <property name="CopyAirBlocks" value="True" />
  <property name="AllowTopSoilDecorations" value="False" />
  <property name="Zoning" value="any" />
  <property name="RotationToFaceNorth" value="2" />
  <property name="YOffset" value="-1" />
  <property name="AllowedTownships" value="city,town,rural,wilderness" />
  <!-- Disable Trader Protection -->
    <property name="TraderArea" value="false" /><!-- Default: true -->
    <!-- <property name="TraderAreaProtect" value="20, 0, 20" /> -->
    <!-- <property name="TraderAreaTeleportSize" value="35, 17, 34" /> -->
    <!-- <property name="TraderAreaTeleportCenter" value="0, 0, 0" /> -->
  <!-- Disable Trader Protection -->
  <property name="ExcludeDistantPOIMesh" value="False" />
  <property name="DistantPOIYOffset" value="0" />
  <property name="EditorGroups" value="settlements" />
  <property name="DifficultyTier" value="1" />
  <property name="QuestTags" value="trader" />
  <property name="ExcludePOICulling" value="True" />
  <property class="Stats">
    <property name="TotalVertices" value="216622" />
    <property name="TotalTriangles" value="153631" />
    <property class="BlockEntities">
      <property name="Vertices" value="58283" />
      <property name="Triangles" value="60152" />
    </property>
    <property class="ChunkMeshes0">
      <property name="Vertices" value="137288" />
      <property name="Triangles" value="79060" />
    </property>
    <property class="ChunkMeshes1">
      <property name="Vertices" value="0" />
      <property name="Triangles" value="0" />
    </property>
    <property class="ChunkMeshes2">
      <property name="Vertices" value="14152" />
      <property name="Triangles" value="7424" />
    </property>
    <property class="ChunkMeshes3">
      <property name="Vertices" value="0" />
      <property name="Triangles" value="0" />
    </property>
    <property class="ChunkMeshes4">
      <property name="Vertices" value="3367" />
      <property name="Triangles" value="1771" />
    </property>
    <property class="ChunkMeshes5">
      <property name="Vertices" value="96" />
      <property name="Triangles" value="48" />
    </property>
    <property class="ChunkMeshes6">
      <property name="Vertices" value="0" />
      <property name="Triangles" value="0" />
    </property>
    <property class="ChunkMeshes7">
      <property name="Vertices" value="3436" />
      <property name="Triangles" value="5176" />
    </property>
    <property class="ChunkMeshes8">
      <property name="Vertices" value="0" />
      <property name="Triangles" value="0" />
    </property>
    <property class="ChunkMeshes9">
      <property name="Vertices" value="0" />
      <property name="Triangles" value="0" />
    </property>
  </property>
  <property class="IndexedBlockOffsets">
    <property class="TraderOnOff">
      <property name="0" value="17, 20, 25" />
      <property name="1" value="17, 25, 25" />
      <property name="2" value="17, 28, 27" />
    </property>
    <property class="brBlock">
      <property name="0" value="13, 1, 18" />
    </property>
    <property class="Trader">
      <property name="0" value="16, 7, 25" />
    </property>
  </property>
</prefab>