<?xml version="1.0" encoding="UTF-8"?>
<prefab>
  <property name="CopyAirBlocks" value="True" />
  <property name="AllowTopSoilDecorations" value="False" />
  <property name="TraderArea" value="True" />
  <property name="ExcludeDistantPOIMesh" value="False" />
  <property name="ExcludePOICulling" value="False" />
  <property name="QuestTags" value="trader" />
  <property name="DifficultyTier" value="1" />
  <property name="Zoning" value="any" />
  <property name="RotationToFaceNorth" value="2" />
  <property name="YOffset" value="-7" />
  <property name="DistantPOIYOffset" value="0" />
  <property name="MaxPerHub" value="1" />
  <property name="AllowedBiomes" value="burnt_forest,snow,pine_forest,desert,wasteland" />
  <property name="AllowedTownships" value="city,town,rural,wilderness" />
  <property name="EditorGroups" value="settlements" />
  <!-- Disable Trader Protection -->
    <property name="TraderArea" value="false" /><!-- Default: true -->
    <!-- <property name="TraderAreaProtect" value="20, 0, 20" /> -->
    <!-- <property name="TraderAreaTeleportSize" value="35, 17, 34" /> -->
    <!-- <property name="TraderAreaTeleportCenter" value="0, 0, 0" /> -->
  <!-- Disable Trader Protection -->
  <property name="ShowQuestClearCount" value="1" />
  <property class="Stats">
    <property name="TotalVertices" value="237751" />
    <property name="TotalTriangles" value="232885" />
    <property class="BlockEntities">
      <property name="Vertices" value="218793" />
      <property name="Triangles" value="221121" />
    </property>
    <property class="ChunkMeshes0">
      <property name="Vertices" value="17688" />
      <property name="Triangles" value="10008" />
    </property>
    <property class="ChunkMeshes1">
      <property name="Vertices" value="0" />
      <property name="Triangles" value="0" />
    </property>
    <property class="ChunkMeshes2">
      <property name="Vertices" value="0" />
      <property name="Triangles" value="0" />
    </property>
    <property class="ChunkMeshes3">
      <property name="Vertices" value="0" />
      <property name="Triangles" value="0" />
    </property>
    <property class="ChunkMeshes4">
      <property name="Vertices" value="0" />
      <property name="Triangles" value="0" />
    </property>
    <property class="ChunkMeshes5">
      <property name="Vertices" value="384" />
      <property name="Triangles" value="192" />
    </property>
    <property class="ChunkMeshes6">
      <property name="Vertices" value="0" />
      <property name="Triangles" value="0" />
    </property>
    <property class="ChunkMeshes7">
      <property name="Vertices" value="886" />
      <property name="Triangles" value="1564" />
    </property>
    <property class="ChunkMeshes8">
      <property name="Vertices" value="0" />
      <property name="Triangles" value="0" />
    </property>
    <property class="ChunkMeshes9">
      <property name="Vertices" value="0" />
      <property name="Triangles" value="0" />
    </property>
  </property>
  <property class="IndexedBlockOffsets">
    <property class="Trader">
      <property name="0" value="15, 1, 15" />
    </property>
    <property class="TraderOnOff">
      <property name="0" value="10, 3, 13" />
      <property name="1" value="13, 3, 10" />
    </property>
  </property>
</prefab>