﻿<?xml version="1.0" encoding="UTF-8"?>
<prefab>
  <property name="CopyAirBlocks" value="True" />
  <property name="AllowTopSoilDecorations" value="True" />
  <property name="ExcludeDistantPOIMesh" value="False" />
  <property name="ExcludePOICulling" value="True" />
  <property name="QuestTags" value="trader" />
  <property name="DifficultyTier" value="1" />
  <property name="Zoning" value="Commercial, Industrial" />
  <property name="RotationToFaceNorth" value="2" />
  <property name="YOffset" value="-1" />
  <property name="DistantPOIYOffset" value="0" />
  <property name="MaxPerHub" value="1" />
  <property name="AllowedBiomes" value="city" />
  <property name="AllowedTownships" value="city,town" />
  <property name="EditorGroups" value="government, commercial" />
  <!-- Disable Trader Protection -->
    <property name="TraderArea" value="false" /><!-- Default: true -->
    <!-- <property name="TraderAreaProtect" value="20, 0, 20" /> -->
    <!-- <property name="TraderAreaTeleportSize" value="35, 17, 34" /> -->
    <!-- <property name="TraderAreaTeleportCenter" value="0, 0, 0" /> -->
  <!-- Disable Trader Protection -->
  <property name="ShowQuestClearCount" value="1" />
  <property class="IndexedBlockOffsets">
    <property class="Trader">
      <property name="0" value="12, 7, 16" />
      <property name="1" value="21, 7, 10" />
    </property>
    <property class="brBlock">
      <property name="0" value="4, 12, 6" />
      <property name="1" value="6, 12, 4" />
    </property>
    <property class="TraderOnOff">
      <property name="0" value="12, 7, 13" />
      <property name="1" value="18, 7, 10" />
    </property>
  </property>
  <property class="Stats">
    <property name="TotalVertices" value="413829" />
    <property name="TotalTriangles" value="418829" />
    <property class="BlockEntities">
      <property name="Vertices" value="368248" />
      <property name="Triangles" value="389560" />
    </property>
    <property class="ChunkMeshes0">
      <property name="Vertices" value="34969" />
      <property name="Triangles" value="19373" />
    </property>
    <property class="ChunkMeshes1">
      <property name="Vertices" value="0" />
      <property name="Triangles" value="0" />
    </property>
    <property class="ChunkMeshes2">
      <property name="Vertices" value="0" />
      <property name="Triangles" value="0" />
    </property>
    <property class="ChunkMeshes3">
      <property name="Vertices" value="212" />
      <property name="Triangles" value="140" />
    </property>
    <property class="ChunkMeshes4">
      <property name="Vertices" value="8680" />
      <property name="Triangles" value="7188" />
    </property>
    <property class="ChunkMeshes5">
      <property name="Vertices" value="64" />
      <property name="Triangles" value="32" />
    </property>
    <property class="ChunkMeshes6">
      <property name="Vertices" value="0" />
      <property name="Triangles" value="0" />
    </property>
    <property class="ChunkMeshes7">
      <property name="Vertices" value="1276" />
      <property name="Triangles" value="2176" />
    </property>
    <property class="ChunkMeshes8">
      <property name="Vertices" value="380" />
      <property name="Triangles" value="360" />
    </property>
    <property class="ChunkMeshes9">
      <property name="Vertices" value="0" />
      <property name="Triangles" value="0" />
    </property>
  </property>
</prefab>