<?xml version="1.0" encoding="UTF-8"?>
<prefab>
    <property name="CopyAirBlocks" value="True"/>
    <property name="AllowTopSoilDecorations" value="False"/>
    <property name="ExcludeDistantPOIMesh" value="False"/>
    <property name="ExcludePOICulling" value="True"/>
    <property name="QuestTags" value="trader"/>
    <property name="DifficultyTier" value="1"/>
    <property name="Zoning" value="any,Residential"/>
    <property name="RotationToFaceNorth" value="2"/>
    <property name="YOffset" value="-1"/>
    <property name="DistantPOIYOffset" value="0"/>
    <property name="AllowedTownships" value="city,rural,town,wilderness"/>
    <property name="EditorGroups" value="settlements"/>
    <!-- Disable Trader Protection -->
      <property name="TraderArea" value="false" /><!-- Default: true -->
      <!-- <property name="TraderAreaProtect" value="20, 0, 20" /> -->
      <!-- <property name="TraderAreaTeleportSize" value="35, 17, 34" /> -->
      <!-- <property name="TraderAreaTeleportCenter" value="0, 0, 0" /> -->
    <!-- Disable Trader Protection -->
</prefab>
