<?xml version="1.0" encoding="UTF-8"?>
<prefab>
  <property name="CopyAirBlocks" value="True" />
  <property name="AllowTopSoilDecorations" value="False" />
  <property name="Zoning" value="any" />
  <property name="RotationToFaceNorth" value="2" />
  <property name="YOffset" value="-1" />
  <property name="AllowedTownships" value="city,town,rural,wilderness" />
  <!-- Disable Trader Protection -->
    <property name="TraderArea" value="false" /><!-- Default: true -->
    <property name="TraderAreaProtect" value="0, 0, 0" /> <!-- Default: 20, 0, 20 -->
    <property name="TraderAreaTeleportSize" value="0, 0, 0" /> <!-- Default: 35, 17, 34 -->
    <property name="TraderAreaTeleportCenter" value="0, 0, 0" /> <!-- Default: 0, 0, 0 -->
  <!-- Disable Trader Protection -->
  <property name="ExcludeDistantPOIMesh" value="False" />
  <property name="DistantPOIYOffset" value="0" />
  <property name="EditorGroups" value="settlements" />
  <property name="DifficultyTier" value="1" />
  <property name="QuestTags" value="trader" />
  <property name="ExcludePOICulling" value="True" />
  <property class="Stats">
    <property name="TotalVertices" value="260941" />
    <property name="TotalTriangles" value="160895" />
    <property class="BlockEntities">
      <property name="Vertices" value="123824" />
      <property name="Triangles" value="79478" />
    </property>
    <property class="ChunkMeshes0">
      <property name="Vertices" value="127318" />
      <property name="Triangles" value="71222" />
    </property>
    <property class="ChunkMeshes1">
      <property name="Vertices" value="0" />
      <property name="Triangles" value="0" />
    </property>
    <property class="ChunkMeshes2">
      <property name="Vertices" value="400" />
      <property name="Triangles" value="232" />
    </property>
    <property class="ChunkMeshes3">
      <property name="Vertices" value="0" />
      <property name="Triangles" value="0" />
    </property>
    <property class="ChunkMeshes4">
      <property name="Vertices" value="4851" />
      <property name="Triangles" value="3411" />
    </property>
    <property class="ChunkMeshes5">
      <property name="Vertices" value="0" />
      <property name="Triangles" value="0" />
    </property>
    <property class="ChunkMeshes6">
      <property name="Vertices" value="0" />
      <property name="Triangles" value="0" />
    </property>
    <property class="ChunkMeshes7">
      <property name="Vertices" value="3780" />
      <property name="Triangles" value="5768" />
    </property>
    <property class="ChunkMeshes8">
      <property name="Vertices" value="768" />
      <property name="Triangles" value="784" />
    </property>
    <property class="ChunkMeshes9">
      <property name="Vertices" value="0" />
      <property name="Triangles" value="0" />
    </property>
  </property>
  <property class="IndexedBlockOffsets">
    <property class="TraderOnOff">
      <property name="0" value="32, 20, 27" />
      <property name="1" value="32, 12, 29" />
      <property name="2" value="32, 17, 29" />
    </property>
    <property class="Trader">
      <property name="0" value="16, 2, 16" />
    </property>
  </property>
</prefab>