﻿<?xml version="1.0" encoding="UTF-8"?>
<prefab>
  <property name="CopyAirBlocks" value="True" />
  <property name="AllowTopSoilDecorations" value="True" />
  <property name="ExcludeDistantPOIMesh" value="False" />
  <property name="ExcludePOICulling" value="False" />
  <property name="DifficultyTier" value="1" />
  <property name="Zoning" value="NoZone" />
  <property name="RotationToFaceNorth" value="0" />
  <property name="YOffset" value="-5" />
  <property name="DistantPOIYOffset" value="0" />
  <property name="EditorGroups" value="Wilderness" />
  <!-- Disable Trader Protection -->
    <property name="TraderArea" value="false" /><!-- Default: true -->
    <property name="TraderAreaProtect" value="0, 0, 0" /> <!-- Default: 20, 0, 20 -->
    <property name="TraderAreaTeleportSize" value="0, 0, 0" /> <!-- Default: 35, 17, 34 -->
    <property name="TraderAreaTeleportCenter" value="0, 0, 0" /> <!-- Default: 0, 0, 0 -->
  <!-- Disable Trader Protection -->
  <property name="ShowQuestClearCount" value="1" />
  <property name="QuestTags" value="trader" />
  <property class="IndexedBlockOffsets">
    <property class="TraderOnOff">
      <property name="0" value="5, 5, 26" />
    </property>
    <property class="Trader">
      <property name="0" value="15, 11, 17" />
    </property>
  </property>
  <property class="Stats">
    <property name="TotalVertices" value="293527" />
    <property name="TotalTriangles" value="209053" />
    <property class="BlockEntities">
      <property name="Vertices" value="250942" />
      <property name="Triangles" value="181508" />
    </property>
    <property class="ChunkMeshes0">
      <property name="Vertices" value="26044" />
      <property name="Triangles" value="14086" />
    </property>
    <property class="ChunkMeshes1">
      <property name="Vertices" value="3328" />
      <property name="Triangles" value="1664" />
    </property>
    <property class="ChunkMeshes2">
      <property name="Vertices" value="64" />
      <property name="Triangles" value="32" />
    </property>
    <property class="ChunkMeshes3">
      <property name="Vertices" value="0" />
      <property name="Triangles" value="0" />
    </property>
    <property class="ChunkMeshes4">
      <property name="Vertices" value="10181" />
      <property name="Triangles" value="7111" />
    </property>
    <property class="ChunkMeshes5">
      <property name="Vertices" value="96" />
      <property name="Triangles" value="48" />
    </property>
    <property class="ChunkMeshes6">
      <property name="Vertices" value="0" />
      <property name="Triangles" value="0" />
    </property>
    <property class="ChunkMeshes7">
      <property name="Vertices" value="2344" />
      <property name="Triangles" value="4136" />
    </property>
    <property class="ChunkMeshes8">
      <property name="Vertices" value="456" />
      <property name="Triangles" value="432" />
    </property>
    <property class="ChunkMeshes9">
      <property name="Vertices" value="72" />
      <property name="Triangles" value="36" />
    </property>
  </property>
</prefab>