﻿<?xml version="1.0" encoding="UTF-8"?>
<prefab>
  <property name="CopyAirBlocks" value="True" />
  <property name="AllowTopSoilDecorations" value="True" />
  <property name="ExcludeDistantPOIMesh" value="False" />
  <property name="ExcludePOICulling" value="False" />
  <property name="DifficultyTier" value="1" />
  <property name="Zoning" value="NoZone" />
  <property name="RotationToFaceNorth" value="1" />
  <property name="YOffset" value="-2" />
  <property name="DistantPOIYOffset" value="0" />
  <property name="EditorGroups" value="Wilderness" />
  <!-- Disable Trader Protection -->
    <property name="TraderArea" value="false" /><!-- Default: true -->
    <property name="TraderAreaProtect" value="0, 0, 0" /> <!-- Default: 20, 0, 20 -->
    <property name="TraderAreaTeleportSize" value="0, 0, 0" /> <!-- Default: 35, 17, 34 -->
    <property name="TraderAreaTeleportCenter" value="0, 0, 0" /> <!-- Default: 0, 0, 0 -->
  <!-- Disable Trader Protection -->
  <property name="SleeperVolumeStart" value="0, 0, 0" />
  <property name="SleeperVolumeSize" value="3, 3, 3" />
  <property name="SleeperVolumeGroup" value="S_-Group_Generic_Zombie,1,2" />
  <property name="SleeperVolumeGameStageAdjust" value="" />
  <property name="SleeperIsLootVolume" value="False" />
  <property name="SleeperIsQuestExclude" value="False" />
  <property name="SleeperVolumeFlags" value="0" />
  <property name="SleeperVolumeGroupId" value="0" />
  <property name="ShowQuestClearCount" value="1" />
  <property class="IndexedBlockOffsets">
    <property class="Trader">
      <property name="0" value="5, 8, 12" />
    </property>
    <property class="TraderOnOff">
      <property name="0" value="15, 5, 8" />
    </property>
  </property>
  <property class="Stats">
    <property name="TotalVertices" value="258165" />
    <property name="TotalTriangles" value="243596" />
    <property class="BlockEntities">
      <property name="Vertices" value="233226" />
      <property name="Triangles" value="227995" />
    </property>
    <property class="ChunkMeshes0">
      <property name="Vertices" value="15616" />
      <property name="Triangles" value="8495" />
    </property>
    <property class="ChunkMeshes1">
      <property name="Vertices" value="0" />
      <property name="Triangles" value="0" />
    </property>
    <property class="ChunkMeshes2">
      <property name="Vertices" value="64" />
      <property name="Triangles" value="32" />
    </property>
    <property class="ChunkMeshes3">
      <property name="Vertices" value="0" />
      <property name="Triangles" value="0" />
    </property>
    <property class="ChunkMeshes4">
      <property name="Vertices" value="7939" />
      <property name="Triangles" value="5218" />
    </property>
    <property class="ChunkMeshes5">
      <property name="Vertices" value="0" />
      <property name="Triangles" value="0" />
    </property>
    <property class="ChunkMeshes6">
      <property name="Vertices" value="0" />
      <property name="Triangles" value="0" />
    </property>
    <property class="ChunkMeshes7">
      <property name="Vertices" value="864" />
      <property name="Triangles" value="1424" />
    </property>
    <property class="ChunkMeshes8">
      <property name="Vertices" value="456" />
      <property name="Triangles" value="432" />
    </property>
    <property class="ChunkMeshes9">
      <property name="Vertices" value="0" />
      <property name="Triangles" value="0" />
    </property>
  </property>
</prefab>