﻿<?xml version="1.0" encoding="UTF-8"?>
<prefab>
  <property name="CopyAirBlocks" value="True" />
  <property name="AllowTopSoilDecorations" value="True" />
  <property name="ExcludeDistantPOIMesh" value="False" />
  <property name="ExcludePOICulling" value="False" />
  <property name="DifficultyTier" value="1" />
  <property name="Zoning" value="none" />
  <property name="RotationToFaceNorth" value="0" />
  <property name="YOffset" value="-5" />
  <property name="DistantPOIYOffset" value="0" />
  <property name="EditorGroups" value="rural" />
  <!-- Disable Trader Protection -->
    <property name="TraderArea" value="false" /><!-- Default: true -->
    <property name="TraderAreaProtect" value="0, 0, 0" /> <!-- Default: 20, 0, 20 -->
    <property name="TraderAreaTeleportSize" value="0, 0, 0" /> <!-- Default: 35, 17, 34 -->
    <property name="TraderAreaTeleportCenter" value="0, 0, 0" /> <!-- Default: 0, 0, 0 -->
  <!-- Disable Trader Protection -->
  <property name="ShowQuestClearCount" value="1" />
  <property name="QuestTags" value="trader" />
  <property class="IndexedBlockOffsets">
    <property class="TraderOnOff">
      <property name="0" value="5, 5, 26" />
    </property>
    <property class="Trader">
      <property name="0" value="15, 11, 17" />
    </property>
  </property>
  <property class="Stats">
    <property name="TotalVertices" value="332548" />
    <property name="TotalTriangles" value="241297" />
    <property class="BlockEntities">
      <property name="Vertices" value="268789" />
      <property name="Triangles" value="200438" />
    </property>
    <property class="ChunkMeshes0">
      <property name="Vertices" value="41094" />
      <property name="Triangles" value="22500" />
    </property>
    <property class="ChunkMeshes1">
      <property name="Vertices" value="2688" />
      <property name="Triangles" value="1344" />
    </property>
    <property class="ChunkMeshes2">
      <property name="Vertices" value="568" />
      <property name="Triangles" value="284" />
    </property>
    <property class="ChunkMeshes3">
      <property name="Vertices" value="0" />
      <property name="Triangles" value="0" />
    </property>
    <property class="ChunkMeshes4">
      <property name="Vertices" value="16545" />
      <property name="Triangles" value="12255" />
    </property>
    <property class="ChunkMeshes5">
      <property name="Vertices" value="96" />
      <property name="Triangles" value="48" />
    </property>
    <property class="ChunkMeshes6">
      <property name="Vertices" value="0" />
      <property name="Triangles" value="0" />
    </property>
    <property class="ChunkMeshes7">
      <property name="Vertices" value="2240" />
      <property name="Triangles" value="3960" />
    </property>
    <property class="ChunkMeshes8">
      <property name="Vertices" value="456" />
      <property name="Triangles" value="432" />
    </property>
    <property class="ChunkMeshes9">
      <property name="Vertices" value="72" />
      <property name="Triangles" value="36" />
    </property>
  </property>
</prefab>