﻿<?xml version="1.0" encoding="UTF-8"?>
<prefab>
  <property name="CopyAirBlocks" value="True" />
  <property name="AllowTopSoilDecorations" value="True" />
  <property name="ExcludeDistantPOIMesh" value="False" />
  <property name="ExcludePOICulling" value="False" />
  <property name="DifficultyTier" value="1" />
  <property name="Zoning" value="NoZone" />
  <property name="RotationToFaceNorth" value="2" />
  <property name="YOffset" value="-1" />
  <property name="DistantPOIYOffset" value="0" />
  <property name="MaxPerHub" value="1" />
  <property name="AllowedBiomes" value="wasteland" />
  <property name="AllowedTownships" value="rural,wilderness" />
  <property name="EditorGroups" value="rural, Wilderness" />
  <!-- Disable Trader Protection -->
    <property name="TraderArea" value="false" /><!-- Default: true -->
    <property name="TraderAreaProtect" value="0, 0, 0" /> <!-- Default: 20, 0, 20 -->
    <property name="TraderAreaTeleportSize" value="0, 0, 0" /> <!-- Default: 35, 17, 34 -->
    <property name="TraderAreaTeleportCenter" value="0, 0, 0" /> <!-- Default: 0, 0, 0 -->
  <!-- Disable Trader Protection -->
  <property name="ShowQuestClearCount" value="1" />
  <property class="IndexedBlockOffsets">
    <property class="Trader">
      <property name="0" value="22, 7, 28" />
      <property name="1" value="31, 7, 22" />
    </property>
    <property class="brBlock">
      <property name="0" value="14, 12, 18" />
      <property name="1" value="16, 12, 16" />
    </property>
    <property class="TraderOnOff">
      <property name="0" value="22, 7, 25" />
      <property name="1" value="28, 7, 22" />
    </property>
  </property>
  <property class="Stats">
    <property name="TotalVertices" value="548198" />
    <property name="TotalTriangles" value="545407" />
    <property class="BlockEntities">
      <property name="Vertices" value="433654" />
      <property name="Triangles" value="471778" />
    </property>
    <property class="ChunkMeshes0">
      <property name="Vertices" value="41773" />
      <property name="Triangles" value="23499" />
    </property>
    <property class="ChunkMeshes1">
      <property name="Vertices" value="0" />
      <property name="Triangles" value="0" />
    </property>
    <property class="ChunkMeshes2">
      <property name="Vertices" value="0" />
      <property name="Triangles" value="0" />
    </property>
    <property class="ChunkMeshes3">
      <property name="Vertices" value="212" />
      <property name="Triangles" value="140" />
    </property>
    <property class="ChunkMeshes4">
      <property name="Vertices" value="66281" />
      <property name="Triangles" value="41660" />
    </property>
    <property class="ChunkMeshes5">
      <property name="Vertices" value="1040" />
      <property name="Triangles" value="520" />
    </property>
    <property class="ChunkMeshes6">
      <property name="Vertices" value="0" />
      <property name="Triangles" value="0" />
    </property>
    <property class="ChunkMeshes7">
      <property name="Vertices" value="4702" />
      <property name="Triangles" value="7372" />
    </property>
    <property class="ChunkMeshes8">
      <property name="Vertices" value="380" />
      <property name="Triangles" value="360" />
    </property>
    <property class="ChunkMeshes9">
      <property name="Vertices" value="156" />
      <property name="Triangles" value="78" />
    </property>
  </property>
</prefab>